{
    "name": "global_coverage",
    "domain": "mitre-enterprise",
    "techniques": [
        {
            "techniqueID": "T1059.001",
            "score": 2,
            "color": "#ffff00"
        },
        {
            "techniqueID": "T1078.003",
            "score": 1,
            "color": "#ffff00"
        },
        {
            "techniqueID": "T1204.001",
            "score": 1,
            "color": "#ffff00"
        },
        {
            "techniqueID": "T1219",
            "score": 2,
            "color": "#ffff00"
        }
    ],
    "version": "4.6",
    "description": "Layer wygenerowany automatycznie na podstawie mapping\\global_coverage\\status.csv + last30days_alerts.csv"
}