Technique ID,Name,Tactics,Status,Linked Rule,Liczba wykryć,Author,Description,MITRE Link,ChangeHistory
T1059.001,PowerShell,Execution,Tested,-,,Defender Global Coverage,"Adversaries may abuse PowerShell commands and scripts for execution. PowerShell is a powerful interactive command-line interface and scripting environment included in the Windows operating system.(Citation: TechNet PowerShell) Adversaries can use PowerShell to perform a number of actions, including discovery of information and execution of code. Examples include the <code>Start-Process</code> cmdlet which can be used to run an executable and the <code>Invoke-Command</code> cmdlet which runs a command locally or on a remote computer (though administrator permissions are required to use PowerShell to connect to remote systems).  PowerShell may also be used to download and run executables from the Internet, which can be executed from disk or in memory without touching disk.  A number of PowerShell-based offensive testing tools are available, including [Empire](https://attack.mitre.org/software/S0363),  [PowerSploit](https://attack.mitre.org/software/S0194), [PoshC2](https://attack.mitre.org/software/S0378), and PSAttack.(Citation: Github PSAttack)  PowerShell commands/scripts can also be executed without directly invoking the <code>powershell.exe</code> binary through interfaces to PowerShell's underlying <code>System.Management.Automation</code> assembly DLL exposed through the .NET framework and Windows Common Language Interface (CLI).(Citation: Sixdub PowerPick Jan 2016)(Citation: SilentBreak Offensive PS Dec 2015)(Citation: Microsoft PSfromCsharp APR 2014)",https://attack.mitre.org/techniques/T1059/001/,-
T1078.003,Local Accounts,"Defense-Evasion, Initial-Access, Persistence, Privilege-Escalation",Tested,-,,Defender Global Coverage,"Adversaries may obtain and abuse credentials of a local account as a means of gaining Initial Access, Persistence, Privilege Escalation, or Defense Evasion. Local accounts are those configured by an organization for use by users, remote support, services, or for administration on a single system or service.  Local Accounts may also be abused to elevate privileges and harvest credentials through [OS Credential Dumping](https://attack.mitre.org/techniques/T1003). Password reuse may allow the abuse of local accounts across a set of machines on a network for the purposes of Privilege Escalation and Lateral Movement.",https://attack.mitre.org/techniques/T1078/003/,-
T1204.001,Malicious Link,Execution,Tested,-,,Defender Global Coverage,An adversary may rely upon a user clicking a malicious link in order to gain execution. Users may be subjected to social engineering to get them to click on a link that will lead to code execution. This user action will typically be observed as follow-on behavior from [Spearphishing Link](https://attack.mitre.org/techniques/T1566/002). Clicking on a link may also lead to other execution techniques such as exploitation of a browser or application vulnerability via [Exploitation for Client Execution](https://attack.mitre.org/techniques/T1203). Links may also lead users to download files that require execution via [Malicious File](https://attack.mitre.org/techniques/T1204/002).,https://attack.mitre.org/techniques/T1204/001/,-
T1219,Remote Access Tools,Command-And-Control,Tested,-,,Defender Global Coverage,"An adversary may use legitimate remote access tools to establish an interactive command and control channel within a network. Remote access tools create a session between two trusted hosts through a graphical interface, a command line interaction, a protocol tunnel via development or management software, or hardware-level access such as KVM (Keyboard, Video, Mouse) over IP solutions. Desktop support software (usually graphical interface) and remote management software (typically command line interface) allow a user to control a computer remotely as if they are a local user inheriting the user or software permissions. This software is commonly used for troubleshooting, software installation, and system management.(Citation: Symantec Living off the Land)(Citation: CrowdStrike 2015 Global Threat Report)(Citation: CrySyS Blog TeamSpy) Adversaries may similarly abuse response features included in EDR and other defensive tools that enable remote access.  Remote access tools may be installed and used post-compromise as an alternate communications channel for redundant access or to establish an interactive remote desktop session with the target system. It may also be used as a malware component to establish a reverse connection or back-connect to a service or adversary-controlled system.  Installation of many remote access tools may also include persistence (e.g., the software's installation routine creates a [Windows Service](https://attack.mitre.org/techniques/T1543/003)). Remote access modules/features may also exist as part of otherwise existing software (e.g., Google Chrome’s Remote Desktop).(Citation: Google Chrome Remote Desktop)(Citation: Chrome Remote Desktop)",https://attack.mitre.org/techniques/T1219/,-
