{
    "name": "FIN7",
    "domain": "mitre-enterprise",
    "techniques": [
        {
            "techniqueID": "T1005",
            "score": 0.5,
            "color": "#b0b0b0"
        },
        {
            "techniqueID": "T1008",
            "score": 0.5,
            "color": "#b0b0b0"
        },
        {
            "techniqueID": "T1021.001",
            "score": 0.5,
            "color": "#b0b0b0"
        },
        {
            "techniqueID": "T1021.004",
            "score": 0.5,
            "color": "#b0b0b0"
        },
        {
            "techniqueID": "T1021.005",
            "score": 0.5,
            "color": "#b0b0b0"
        },
        {
            "techniqueID": "T1027.010",
            "score": 0.5,
            "color": "#b0b0b0"
        },
        {
            "techniqueID": "T1027.016",
            "score": 0.5,
            "color": "#b0b0b0"
        },
        {
            "techniqueID": "T1033",
            "score": 0.5,
            "color": "#b0b0b0"
        },
        {
            "techniqueID": "T1036.004",
            "score": 0.5,
            "color": "#b0b0b0"
        },
        {
            "techniqueID": "T1036.005",
            "score": 0.5,
            "color": "#b0b0b0"
        },
        {
            "techniqueID": "T1047",
            "score": 0.5,
            "color": "#b0b0b0"
        },
        {
            "techniqueID": "T1053.005",
            "score": 0.5,
            "color": "#b0b0b0"
        },
        {
            "techniqueID": "T1059",
            "score": 0.5,
            "color": "#b0b0b0"
        },
        {
            "techniqueID": "T1059.001",
            "score": 2,
            "color": "#ffff00"
        },
        {
            "techniqueID": "T1059.003",
            "score": 0.5,
            "color": "#b0b0b0"
        },
        {
            "techniqueID": "T1059.005",
            "score": 0.5,
            "color": "#b0b0b0"
        },
        {
            "techniqueID": "T1059.007",
            "score": 0.5,
            "color": "#b0b0b0"
        },
        {
            "techniqueID": "T1069.002",
            "score": 0.5,
            "color": "#b0b0b0"
        },
        {
            "techniqueID": "T1071.004",
            "score": 0.5,
            "color": "#b0b0b0"
        },
        {
            "techniqueID": "T1078",
            "score": 0.5,
            "color": "#b0b0b0"
        },
        {
            "techniqueID": "T1078.003",
            "score": 1,
            "color": "#ffff00"
        },
        {
            "techniqueID": "T1091",
            "score": 0.5,
            "color": "#b0b0b0"
        },
        {
            "techniqueID": "T1102.002",
            "score": 0.5,
            "color": "#b0b0b0"
        },
        {
            "techniqueID": "T1105",
            "score": 0.5,
            "color": "#b0b0b0"
        },
        {
            "techniqueID": "T1113",
            "score": 0.5,
            "color": "#b0b0b0"
        },
        {
            "techniqueID": "T1125",
            "score": 0.5,
            "color": "#b0b0b0"
        },
        {
            "techniqueID": "T1190",
            "score": 0.5,
            "color": "#b0b0b0"
        },
        {
            "techniqueID": "T1195.002",
            "score": 0.5,
            "color": "#b0b0b0"
        },
        {
            "techniqueID": "T1204.001",
            "score": 1,
            "color": "#ffff00"
        },
        {
            "techniqueID": "T1204.002",
            "score": 0.5,
            "color": "#b0b0b0"
        },
        {
            "techniqueID": "T1210",
            "score": 0.5,
            "color": "#b0b0b0"
        },
        {
            "techniqueID": "T1218.005",
            "score": 0.5,
            "color": "#b0b0b0"
        },
        {
            "techniqueID": "T1218.011",
            "score": 0.5,
            "color": "#b0b0b0"
        },
        {
            "techniqueID": "T1219",
            "score": 2,
            "color": "#ffff00"
        },
        {
            "techniqueID": "T1486",
            "score": 0.5,
            "color": "#b0b0b0"
        },
        {
            "techniqueID": "T1497.002",
            "score": 0.5,
            "color": "#b0b0b0"
        },
        {
            "techniqueID": "T1543.003",
            "score": 0.5,
            "color": "#b0b0b0"
        },
        {
            "techniqueID": "T1546.011",
            "score": 0.5,
            "color": "#b0b0b0"
        },
        {
            "techniqueID": "T1547.001",
            "score": 0.5,
            "color": "#b0b0b0"
        },
        {
            "techniqueID": "T1553.002",
            "score": 0.5,
            "color": "#b0b0b0"
        },
        {
            "techniqueID": "T1558.003",
            "score": 0.5,
            "color": "#b0b0b0"
        },
        {
            "techniqueID": "T1559.002",
            "score": 0.5,
            "color": "#b0b0b0"
        },
        {
            "techniqueID": "T1566.001",
            "score": 0.5,
            "color": "#b0b0b0"
        },
        {
            "techniqueID": "T1566.002",
            "score": 0.5,
            "color": "#b0b0b0"
        },
        {
            "techniqueID": "T1567.002",
            "score": 0.5,
            "color": "#b0b0b0"
        },
        {
            "techniqueID": "T1571",
            "score": 0.5,
            "color": "#b0b0b0"
        },
        {
            "techniqueID": "T1583.001",
            "score": 0.5,
            "color": "#b0b0b0"
        },
        {
            "techniqueID": "T1583.006",
            "score": 0.5,
            "color": "#b0b0b0"
        },
        {
            "techniqueID": "T1587.001",
            "score": 0.5,
            "color": "#b0b0b0"
        },
        {
            "techniqueID": "T1588.002",
            "score": 0.5,
            "color": "#b0b0b0"
        },
        {
            "techniqueID": "T1608.001",
            "score": 0.5,
            "color": "#b0b0b0"
        },
        {
            "techniqueID": "T1608.004",
            "score": 0.5,
            "color": "#b0b0b0"
        },
        {
            "techniqueID": "T1674",
            "score": 0.5,
            "color": "#b0b0b0"
        }
    ],
    "version": "4.6",
    "description": "Layer wygenerowany automatycznie na podstawie mapping\\FIN7\\status.csv + last30days_alerts.csv"
}