{
  "name": "MITRE ATT&CK \u2013 APT29",
  "version": "4.6",
  "domain": "enterprise-attack",
  "description": "Wygenerowano 2025-05-22 10:50:43",
  "techniques": [
    {
      "techniqueID": "T1059",
      "color": "#ff6b6b",
      "comment": "Command and Scripting Interpreter (Pending)"
    },
    {
      "techniqueID": "T1210",
      "color": "#ffd43b",
      "comment": "Exploitation of Remote Services (Audit)"
    },
    {
      "techniqueID": "T1560",
      "color": "#40c057",
      "comment": "Archive Collected Data (Tested)"
    }
  ],
  "gradient": {
    "colors": [
      "#fff2cc",
      "#ffb366"
    ],
    "minValue": 0,
    "maxValue": 1
  },
  "legendItems": [
    {
      "label": "Tested",
      "color": "#40c057"
    },
    {
      "label": "Audit",
      "color": "#ffd43b"
    },
    {
      "label": "Pending",
      "color": "#ff6b6b"
    }
  ],
  "showTacticRowBackground": true,
  "showTacticColumnHeader": true,
  "layout": "side"
}