{
    "version": "4.3",
    "name": "defender-lab-setup \u2013 Full Mapping (with Main + Sub-techniques)",
    "domain": "mitre-enterprise",
    "description": "Mapa ATT&CK z pe\u0142nymi technikami i podtechnikami \u2013 poprawiona klasyfikacja i widoczno\u015b\u0107.",
    "filters": {
        "platforms": [
            "Windows"
        ]
    },
    "sorting": 0,
    "layout": {
        "layout": "side",
        "showID": true,
        "showName": true,
        "aggregateFunction": "average",
        "countUnscored": false
    },
    "hideDisabled": false,
    "techniques": [
        {
            "techniqueID": "T1546.003",
            "score": 1,
            "color": "#66ff66",
            "comment": "ASR-WMI-Test.md \u2013 Persistence"
        },
        {
            "techniqueID": "T1136",
            "score": 1,
            "color": "#66ff66",
            "comment": "Create Account \u2013 Parent of T1136.001"
        },
        {
            "techniqueID": "T1136.001",
            "score": 1,
            "color": "#66ff66",
            "comment": "1_local_account_created_deleted.md \u2013 Local Account"
        },
        {
            "techniqueID": "T1098",
            "score": 1,
            "color": "#66ff66",
            "comment": "Account Manipulation \u2013 1_local_account_created_deleted.md, 2_UserAccountAddedToLocalGroup_RemovedFromLocalGroup.md, 3_LocalUserAccountModified.md"
        },
        {
            "techniqueID": "T1078",
            "score": 1,
            "color": "#66ff66",
            "comment": "Valid Accounts \u2013 1_local_account_created_deleted.md, 2_UserAccountAddedToLocalGroup_RemovedFromLocalGroup.md"
        },
        {
            "techniqueID": "T1531",
            "score": 1,
            "color": "#66ff66",
            "comment": "Account Access Removal \u2013 1_local_account_created_deleted.md"
        },
        {
            "techniqueID": "T1068",
            "score": 0.5,
            "color": "#ffff66",
            "comment": "ASR (audit): Block abuse of exploited vulnerable signed drivers"
        },
        {
            "techniqueID": "T1003",
            "score": 0.5,
            "color": "#ffff66",
            "comment": "Credential Dumping \u2013 Parent of T1003.001"
        },
        {
            "techniqueID": "T1003.001",
            "score": 0.5,
            "color": "#ffff66",
            "comment": "ASR (audit): Block credential stealing from LSASS"
        },
        {
            "techniqueID": "T1204",
            "score": 0.5,
            "color": "#ffff66",
            "comment": "User Execution \u2013 Parent of T1204.002"
        },
        {
            "techniqueID": "T1204.002",
            "score": 0.5,
            "color": "#ffff66",
            "comment": "ASR (audit): Block executable content from email and webmail"
        },
        {
            "techniqueID": "T1059",
            "score": 0.5,
            "color": "#ffff66",
            "comment": "Command and Scripting Interpreter \u2013 Parent of T1059.001 & T1059.005"
        },
        {
            "techniqueID": "T1059.005",
            "score": 0.5,
            "color": "#ffff66",
            "comment": "ASR (audit): Block Office child processes / macros"
        },
        {
            "techniqueID": "T1055.001",
            "score": 0.5,
            "color": "#ffff66",
            "comment": "ASR (audit): Block Office apps from injecting code"
        },
        {
            "techniqueID": "T1059.001",
            "score": 0.5,
            "color": "#ffff66",
            "comment": "ASR (audit): Block Office communication app"
        },
        {
            "techniqueID": "T1027",
            "score": 0.5,
            "color": "#ffff66",
            "comment": "ASR (audit): Block obfuscated scripts"
        },
        {
            "techniqueID": "T1486",
            "score": 0.5,
            "color": "#ffff66",
            "comment": "ASR (audit): Advanced protection against ransomware"
        },
        {
            "techniqueID": "T1555.003",
            "score": 0.5,
            "color": "#ffff66",
            "comment": "ASR (audit): Block credential stealing via SMB"
        }
    ],
    "gradient": {
        "colors": [
            "#ffffff",
            "#66ff66"
        ],
        "minValue": 0,
        "maxValue": 1
    },
    "legendItems": [
        {
            "label": "Przetestowana i wykrywana regu\u0142a (z alertem)",
            "color": "#66ff66"
        },
        {
            "label": "ASR w trybie audit (jeszcze nieprzetestowana)",
            "color": "#ffff66"
        }
    ],
    "metadata": [
        {
            "name": "Last updated",
            "value": "2025-05-18"
        },
        {
            "name": "Krzysztof Krzymowski",
            "value": "defender-lab-setup"
        }
    ]
}
