{
    "version": "4.6",
    "name": "defender-lab-framework - Auto Generated Mapping",
    "domain": "mitre-enterprise",
    "description": "Warstwa wygenerowana na podstawie status.csv",
    "filters": {
        "platforms": [
            "Windows"
        ]
    },
    "sorting": 0,
    "layout": {
        "layout": "side",
        "showID": true,
        "showName": true,
        "aggregateFunction": "average",
        "countUnscored": false
    },
    "hideDisabled": false,
    "techniques": [
        {
            "techniqueID": "T1098.003",
            "tactic": "privilege-escalation",
            "score": 1,
            "comment": "alerts/identity-management/3_LocalUserAccountModified.md",
            "color": "#66ff66"
        },
        {
            "techniqueID": "T1098.003",
            "tactic": "defense-evasion",
            "score": 1,
            "comment": "alerts/identity-management/3_LocalUserAccountModified.md",
            "color": "#66ff66"
        },
        {
            "techniqueID": "T1136.001",
            "tactic": "persistence",
            "score": 1,
            "comment": "alerts/identity-management/1_local_account_created_deleted.md",
            "color": "#66ff66"
        },
        {
            "techniqueID": "T1136.001",
            "tactic": "privilege-escalation",
            "score": 1,
            "comment": "alerts/identity-management/1_local_account_created_deleted.md",
            "color": "#66ff66"
        },
        {
            "techniqueID": "T1136.002",
            "tactic": "privilege-escalation",
            "score": 1,
            "comment": "alerts/identity-management/2_UserAccountAddedToLocalGroup_RemovedFromLocalGroup.md",
            "color": "#66ff66"
        },
        {
            "techniqueID": "T1136.002",
            "tactic": "defense-evasion",
            "score": 1,
            "comment": "alerts/identity-management/2_UserAccountAddedToLocalGroup_RemovedFromLocalGroup.md",
            "color": "#66ff66"
        }
    ],
    "gradient": {
        "colors": [
            "#ffffff",
            "#66ff66"
        ],
        "minValue": 0,
        "maxValue": 1
    },
    "legendItems": [
        {
            "label": "Tested in lab",
            "color": "#66ff66"
        },
        {
            "label": "Audit only",
            "color": "#ffff66"
        },
        {
            "label": "Pending",
            "color": "#cccccc"
        }
    ],
    "metadata": [
        {
            "name": "generated",
            "value": "true"
        }
    ]
}